{
  "learning_rate": 0.0001,
  "hidden_dim": 64,
  "dropout": 0.2,
  "window_size": 60,
  "final_test_nll": 2.8299169540405273,
  "mae": 1.53376305103302,
  "mse": 4.476670742034912,
  "coverage_1sigma": 0.3669724762439728,
  "avg_uncertainty": 0.8671778440475464,
  "runtime_sec": 3.6451320839696564,
  "data_hash": "2dbef0e7527211f143e393a4bfc6a37d"
}