{
  "learning_rate": 0.01,
  "hidden_dim": 128,
  "dropout": 0.05,
  "window_size": 60,
  "lstm_test_mse": 2.404728651046753,
  "lstm_test_rmse": 1.5507187843322754,
  "lstm_r_squared": -0.14937901496887207,
  "ensemble_test_mse": 3.732144799242411,
  "ensemble_test_rmse": 1.9318759792601623,
  "ensemble_r_squared": -195.22230763520457,
  "improvement": -1305.9011974478688,
  "mae": 1.012080430984497,
  "mape": 940.1890869140625,
  "mean_residual": 0.7716225385665894,
  "std_residual": 1.3512684106826782,
  "overfitting_ratio": 0.22889565843116283,
  "runtime_sec": 64.447669458983,
  "data_hash": "2c641ee8194ceeff24397e5f6ef7d524"
}