{
  "train_mean": [
    -0.35698753595352173,
    -0.35060399770736694,
    -0.35164451599121094,
    -0.34602370858192444,
    -0.37465864419937134,
    -0.010037687607109547,
    0.13961578905582428,
    -0.0605989508330822,
    -0.24007003009319305,
    -0.3881429135799408
  ],
  "train_std": [
    0.33911558985710144,
    0.3576989769935608,
    0.3332376480102539,
    0.3419749140739441,
    0.2320617288351059,
    0.9431376457214355,
    0.9579686522483826,
    0.3834471106529236,
    0.9481556415557861,
    0.21576659381389618
  ],
  "test_mean": [
    1.3119264841079712,
    1.3012477159500122,
    1.2900711297988892,
    1.2854968309402466,
    1.2620993852615356,
    0.032463159412145615,
    -0.4344182312488556,
    0.5399706959724426,
    0.9229005575180054,
    1.3663302659988403
  ],
  "test_std": [
    1.5711051225662231,
    1.5731502771377563,
    1.608406901359558,
    1.6106202602386475,
    1.595947504043579,
    1.26004159450531,
    1.026436686515808,
    1.9969860315322876,
    0.7110344767570496,
    1.4834831953048706
  ]
}