{
  "train_mean": [
    -0.35935887694358826,
    -0.35293227434158325,
    -0.35395586490631104,
    -0.3481600880622864,
    -0.3770606219768524,
    -0.012170083820819855,
    0.13931824266910553,
    -0.06202937662601471,
    -0.24140040576457977,
    -0.3898957073688507
  ],
  "train_std": [
    0.33838561177253723,
    0.35701391100883484,
    0.3326229453086853,
    0.3416094183921814,
    0.23024457693099976,
    0.9426108002662659,
    0.9587006568908691,
    0.3835285007953644,
    0.9484923481941223,
    0.21572861075401306
  ],
  "test_mean": [
    1.303877830505371,
    1.2935559749603271,
    1.2827906608581543,
    1.2794692516326904,
    1.2475059032440186,
    0.028878971934318542,
    -0.4421003460884094,
    0.5239641666412354,
    0.9231999516487122,
    1.3692229986190796
  ],
  "test_std": [
    1.5625115633010864,
    1.5647634267807007,
    1.600239872932434,
    1.6035858392715454,
    1.5776207447052002,
    1.258623719215393,
    1.0274325609207153,
    1.9995819330215454,
    0.7097746729850769,
    1.483985424041748
  ]
}