{
  "learning_rate": 0.01,
  "hidden_dim": 128,
  "dropout": 0.05,
  "window_size": 60,
  "lstm_test_mse": 2.404728651046753,
  "lstm_test_rmse": 1.5507187843322754,
  "lstm_r_squared": -0.14937901496887207,
  "ensemble_test_mse": 2.7103313559933646,
  "ensemble_test_rmse": 1.646308402454827,
  "ensemble_r_squared": -141.49915309744333,
  "improvement": -946.2555390893997,
  "mae": 1.012080430984497,
  "mape": 940.1890869140625,
  "mean_residual": 0.7716225385665894,
  "std_residual": 1.3512684106826782,
  "overfitting_ratio": 0.22889565843116283,
  "runtime_sec": 44.34563574998174,
  "data_hash": "2c641ee8194ceeff24397e5f6ef7d524"
}